[
    {
        "section": "Gyatt Studios",
        "disciplines": [
            {
                "discipline": "NILEG2 is the Best",
                "titles": [
                    {
                        "title": "NILEG2 is the best",
                        "names": [
                            "NILEG2 is the Best"
                        ]
                    },
                    {
                        "title": "NILEG2 is the Best",
                        "names": [
                            "NILEG2 is the Best"
                        ]
                    },
                    {
                        "title": "NILEG2 is the Best",
                        "names": [
                            "NILEG2 is the Best"
                        ]
                    },
                    {
                        "title": "NILEG2 is the Best",
                        "names": [
                            "NILEG2 is the Best"
                        ]
                    },
                    {
                        "title": "NILEG2 is the Best",
                        "names": [
                            "NILEG2 is the Best"
                        ]
                    },
                    {
                        "title": "NILEG2 is the Best",
                        "names": [
                            "NILEG2 is the Best"
                        ]
                    },
                    {
                        "title": "NILEG2 is the Best",
                        "names": [
                            "NILEG2 is the Best"
                        ]
                    },
                    {
                        "title": "NILEG2 is the Best",
                        "names": [
                            "NILEG2 is the Best"
                        ]
                    },
                    {
                        "title": "NILEG2 is the Best",
                        "names": [
                            "NILEG2 is the Best"
                        ]
                    },
                    {
                        "title": "NILEG2 is the Best",
                        "names": [
                            "NILEG2 is the Best"
                        ]
                    },{
                        "title": "NILEG2 is the Best",
                        "names": [
                            "NILEG2 is the Best"
                        ]
                    },
                    {
                        "title": "NILEG2 is the Best",
                        "names": [
                            "NILEG2 is the Best"
                        ]
                    },
                    {
                        "title": "Hell",
                        "names": [
                            "Hell"
                        ]
                    },
                  